{
  "best_params": {
    "n_estimators": 100,
    "max_depth": 3,
    "learning_rate": 0.1
  },
  "best_log_loss": 0.2733463373991818,
  "fit_time_s": 2.628767490386963
}